{
  "apiName": "Get Invoice Details API",
  "baseUrl": "https://ehr.charmtracker.com/api/ehr/v1",
  "authentication": {
    "type": "Bearer",
    "headerName": "Authorization",
    "notes": "Token obtained from /auth/login endpoint"
  },
  "endpoints": [
    {
      "name": "Get Invoice Details",
      "method": "GET",
      "path": "/invoices/{invoice_id}",
      "description": "This API will fetch details of an invoice along with procedures, products, applied payments, write-offs, patient and facility details.",
      "headers": {},
      "request": {
        "params": [
          {
            "name": "invoice_id",
            "in": "path",
            "type": "integer",
            "required": true,
            "description": "Unique identifier of the Invoice. Max length 19."
          }
        ]
      },
      "response": {
        "success": {
          "status": 200,
          "body": {
            "code": 0,
            "message": "success",
            "invoice": {
              "invoice_id": "string",
              "invoice_number": "string",
              "invoice_type": "string",
              "invoice_date": "string",
              "invoice_added_date": "string",
              "invoice_updated_date": "string",
              "invoice_amount": "string",
              "invoice_status": "string",
              "invoice_generated_by": "string",
              "is_available_credit_used": "boolean",
              "total_payment_amount": "string",
              "total_invoice_payment_amount": "string",
              "total_writeoff_amount": "string",
              "total_adjustment_amount": "string",
              "invoice_due": "string",
              "invoice_provider_name": "string",
              "invoice_provider_id": "string",
              "invoice_terms": "string",
              "invoice_notes": "string",
              "encounter_date": "string",
              "encounter_id": "string",
              "insurance_id": "string",
              "pricing_profile_id": "string",
              "patient_details": {},
              "facility_details": {},
              "insurance_details": {},
              "procedures": [],
              "products": [],
              "payments": [],
              "writeoff": [],
              "adjustments": [],
              "patient_responsibility": []
            }
          }
        }
      },
      "examples": {}
    },
    {
      "name": "List Invoices",
      "method": "GET",
      "path": "/invoices",
      "description": "API to fetch details of a list of Invoices.",
      "headers": {},
      "request": {
        "params": [
          { "name": "facility_id", "type": "string", "required": false },
          { "name": "patient_id", "type": "string", "required": false },
          { "name": "invoice_number", "type": "string", "required": false },
          { "name": "invoice_type", "type": "string", "required": false, "enum": ["Invoice", "Credit Note"] },
          { "name": "date_name", "type": "string", "required": false, "enum": ["invoice_date", "invoice_added_date", "invoice_updated_date"] },
          { "name": "from_date", "type": "string", "required": true },
          { "name": "to_date", "type": "string", "required": true },
          { "name": "start_index", "type": "integer", "required": false },
          { "name": "count", "type": "integer", "required": false },
          { "name": "is_ascending", "type": "boolean", "required": false },
          { "name": "invoice_status", "type": "string", "required": false, "enum": ["Paid", "Partially Paid", "Unpaid", "Outstanding", "All", "Draft", "All With Draft_Invoices"] }
        ]
      },
      "response": {
        "success": {
          "status": 200,
          "body": {
            "code": 0,
            "message": "success",
            "invoices": []
          }
        }
      },
      "examples": {}
    }
  ],
  "fieldMappings": {
    "intakeToApi": {}
  }
}
